{
  "n_train": 1078,
  "n_calib": 359,
  "n_test": 360,
  "train_accuracy": 0.9972170686456401,
  "test_accuracy": 0.9777777777777777,
  "T_optimizer": 0.695689660541839,
  "T_picard": 0.6958245319352843,
  "T_steffensen": 0.6956896503363503,
  "T_agreement_abs_diff_picard": 0.00013487139344525723,
  "T_agreement_abs_diff_steffensen": 1.0205488676362506e-08,
  "picard_n_iter": 800,
  "picard_contraction_factor": 0.9913021203067363,
  "steffensen_n_iter": 6,
  "steffensen_contraction_factor": 0.9913059967858739,
  "ece_before": 0.019588874239570935,
  "mce_before": 0.3688244926891671,
  "mce_before_equal_mass": 0.08691818266273776,
  "nll_before": 0.08282285900416515,
  "ece_after": 0.010551702507615373,
  "mce_after": 0.5687253330643144,
  "mce_after_equal_mass": 0.013925970321775338,
  "nll_after": 0.07881095699594387,
  "multi_seed_ece_before_mean": 0.021915793771448495,
  "multi_seed_ece_before_std": 0.00451576406056278,
  "multi_seed_ece_after_mean": 0.017752507846040357,
  "multi_seed_ece_after_std": 0.00649523580368184,
  "multi_seed_n_seeds": 5
}